{
  "main": {
    "id": "9aa015b0b2381609",
    "type": "split",
    "children": [
      {
        "id": "4e6c44b59ae75bf2",
        "type": "tabs",
        "children": [
          {
            "id": "b12a40d56baf9ee2",
            "type": "leaf",
            "state": {
              "type": "markdown",
              "state": {
                "file": "Templates/Literature note.md",
                "mode": "source",
                "source": false
              }
            }
          },
          {
            "id": "4a26b3bef20c129c",
            "type": "leaf",
            "state": {
              "type": "markdown",
              "state": {
                "file": "Writing.md",
                "mode": "source",
                "source": false
              }
            }
          },
          {
            "id": "02f588daf564220c",
            "type": "leaf",
            "state": {
              "type": "markdown",
              "state": {
                "file": "Markdown.md",
                "mode": "source",
                "source": false
              }
            }
          },
          {
            "id": "38001530e0f491d9",
            "type": "leaf",
            "state": {
              "type": "markdown",
              "state": {
                "file": "Obsidian.md",
                "mode": "source",
                "source": false
              }
            }
          },
          {
            "id": "9ab61805f68a9c97",
            "type": "leaf",
            "state": {
              "type": "markdown",
              "state": {
                "file": "1. Workshop outline.md",
                "mode": "source",
                "source": false
              }
            }
          },
          {
            "id": "eb3ee9cf04a3ea59",
            "type": "leaf",
            "state": {
              "type": "markdown",
              "state": {
                "file": "YAML.md",
                "mode": "source",
                "source": false
              }
            }
          },
          {
            "id": "e5527411f1295be0",
            "type": "leaf",
            "state": {
              "type": "markdown",
              "state": {
                "file": "1. Workshop outline.md",
                "mode": "source",
                "source": false
              }
            }
          }
        ],
        "currentTab": 6
      }
    ],
    "direction": "vertical"
  },
  "left": {
    "id": "be68f17e8d267269",
    "type": "split",
    "children": [
      {
        "id": "67c89a1d67cf9893",
        "type": "tabs",
        "children": [
          {
            "id": "658c35d48ea05241",
            "type": "leaf",
            "state": {
              "type": "file-explorer",
              "state": {
                "sortOrder": "alphabetical"
              }
            }
          },
          {
            "id": "14cb6d46f71e247f",
            "type": "leaf",
            "state": {
              "type": "search",
              "state": {
                "query": "",
                "matchingCase": false,
                "explainSearch": false,
                "collapseAll": false,
                "extraContext": false,
                "sortOrder": "alphabetical"
              }
            }
          },
          {
            "id": "d30c6f006140d4d1",
            "type": "leaf",
            "state": {
              "type": "starred",
              "state": {}
            }
          },
          {
            "id": "6f97b43602c87b21",
            "type": "leaf",
            "state": {
              "type": "bookmarks",
              "state": {}
            }
          }
        ]
      }
    ],
    "direction": "horizontal",
    "width": 300
  },
  "right": {
    "id": "0e8e95d166e6b955",
    "type": "split",
    "children": [
      {
        "id": "bebbe8a54517c011",
        "type": "tabs",
        "children": [
          {
            "id": "20888ab4dd80c2d8",
            "type": "leaf",
            "state": {
              "type": "backlink",
              "state": {
                "file": "1. Workshop outline.md",
                "collapseAll": false,
                "extraContext": false,
                "sortOrder": "alphabetical",
                "showSearch": false,
                "searchQuery": "",
                "backlinkCollapsed": false,
                "unlinkedCollapsed": false
              }
            }
          },
          {
            "id": "e1f1db61ac04509c",
            "type": "leaf",
            "state": {
              "type": "outgoing-link",
              "state": {
                "file": "1. Workshop outline.md",
                "linksCollapsed": false,
                "unlinkedCollapsed": true
              }
            }
          },
          {
            "id": "54f53393953be475",
            "type": "leaf",
            "state": {
              "type": "tag",
              "state": {
                "sortOrder": "frequency",
                "useHierarchy": false
              }
            }
          },
          {
            "id": "22db036f75d9cb2a",
            "type": "leaf",
            "state": {
              "type": "outline",
              "state": {
                "file": "1. Workshop outline.md"
              }
            }
          }
        ]
      }
    ],
    "direction": "horizontal",
    "width": 300
  },
  "left-ribbon": {
    "hiddenItems": {
      "switcher:Open quick switcher": false,
      "graph:Open graph view": false,
      "canvas:Create new canvas": false,
      "daily-notes:Open today's daily note": false,
      "templates:Insert template": false,
      "command-palette:Open command palette": false
    }
  },
  "active": "e5527411f1295be0",
  "lastOpenFiles": [
    "Obsidian.md",
    "Becoming a skilled researcher.md",
    "Database searching.md",
    "Zotero, citations and reading notes.md",
    "Plugins.md",
    "1. Workshop outline.md",
    "Writing.md",
    "YAML.md",
    "Dataview.md",
    "Principles of State Responsibility.md",
    "Markdown.md",
    "Backlinks.md",
    "Homo Sacer.md",
    "Negative impact of unilateral coercive measures priorities and road map.md",
    "Lots of amazing Obsidian resources.md",
    "Sanctions.md",
    "Templates/Meeting.md",
    "Templates/Literature note.md",
    "Periodic notes/2023-05-22.md",
    "2023-05-22.md",
    "Templates/Daily note.md",
    "Periodic notes",
    "Templates",
    "Teaching for Learning (TFL).md",
    "write concisely.md"
  ]
}